{
  "smileys": ["😀","😃","😄","😁","😆","😅","🤣","😂","🙂","🙃","😉","😊","😇","🥰","😍","🤩","😘","😗","😚","😙","😋","😛","😜","🤪","😝","🤑","🤗","🤭","🤫","🤔","🤐","🤨","😐","😑","😶","😏","😒","🙄","😬","🤥","😌","😔","😪","🤤","😴","😷","🤒","🤕","🤢","🤮","🤧","🥵","🥶","🥴","😵","🤯","🤠","🥳","😎","🤓","🧐","😕","😟","🙁","☹️","😮","😯","😲","😳","🥺","😦","😧","😨","😰","😥","😢","😭","😱","😖","😣","😞","😓","😩","😫","😤","😡","😠","🤬","😈","👿","💀","☠️","💩","🤡","👹","👺","👻","👽","👾","🤖","😺","😸","😹","😻","😼","😽","🙀","😿","😾"],
  "animals": ["🐶","🐱","🐭","🐹","🐰","🦊","🐻","🐼","🐨","🐯","🦁","🐮","🐷","🐽","🐸","🐵","🙈","🙉","🙊","🐒","🐔","🐧","🐦","🐤","🐣","🐥","🦆","🦅","🦉","🦇","🐺","🐗","🐴","🦄","🐝","🐛","🪲","🦋","🐌","🐞","🐜","🕷️","🕸️","🦟","🦗","🪳","🐢","🐍","🦎","🦖","🦕","🐙","🦑","🦐","🦞","🦀","🐡","🐠","🐟","🐬","🐳","🐋","🦈","🐊","🐅","🐆","🦓","🦍","🦧","🐘","🦣","🦛","🦏","🐪","🐫","🦒","🦘","🐃","🐂","🐄","🐎","🐖","🐏","🐑","🦙","🐐","🦌","🐕","🐩","🦮","🐕‍🦺","🐈","🐈‍⬛","🪶","🐓","🦃","🕊️","🐇","🦝","🦨","🦡","🦫","🦦","🦥","🐁","🐀","🐿️","🦔"],
  "food": ["🍏","🍎","🍐","🍊","🍋","🍌","🍉","🍇","🍓","🫐","🍈","🍒","🍑","🥭","🍍","🥥","🥝","🍅","🍆","🥑","🥦","🥬","🥒","🌶️","🫑","🌽","🥕","🫒","🧄","🧅","🥔","🍠","🥐","🥯","🍞","🥖","🥨","🧀","🥚","🍳","🧈","🥞","🧇","🥓","🥩","🍗","🍖","🌭","🍔","🍟","🍕","🥪","🥙","🧆","🌮","🌯","🫔","🥗","🥘","🫕","🍲","🍛","🍝","🍜","🍣","🍱","🥟","🦪","🍤","🍚","🍙","🍘","🍥","🥠","🥮","🍢","🍡","🍧","🍨","🍦","🥧","🧁","🍰","🎂","🍮","🍭","🍬","🍫","🍿","🍩","🍪","🌰","🥜","🫘","🍯","🥛","🍼","☕","🫖","🍵","🧃","🥤","🧋","🍶","🍺","🍻","🥂","🍷","🥃","🍸","🍹","🧉","🍾","🧊"],
  "activities": ["⚽","🏀","🏈","⚾","🥎","🎾","🏐","🏉","🥏","🎱","🪀","🏓","🏸","🏒","🏑","🥍","🏏","🪃","🥅","⛳","🪁","🏹","🎣","🤿","🥊","🥋","🎽","🛹","🛼","🛷","⛸️","🥌","🎿","⛷️","🏂","🪂","🏋️","🤼","🤸","⛹️","🤺","🤾","🧗","🧘","🏄","🏊","🤽","🚣","🧖","🏇","🚴","🚵","🛶","🛥️","🚤","🛳️","⛵","🪆","🎯","🎳","🎮","🕹️","🎰","🎲","♟️","🧩","🪀","🪁","🎭","🎨","🧵","🧶"],
  "travel": ["🚗","🚕","🚙","🚌","🚎","🏎️","🚓","🚑","🚒","🚐","🛻","🚚","🚛","🚜","🏍️","🛵","🦽","🦼","🛺","🚲","🛴","🛹","🛼","🚨","🚔","🚍","🚘","🚖","🚡","🚠","🚟","🚃","🚋","🚞","🚝","🚄","🚅","🚈","🚂","🚆","🚇","🚊","🚉","✈️","🛫","🛬","🛩️","💺","🛰️","🚀","🛸","🚁","🛶","⛵","🚤","🛥️","🛳️","⛴️","🚢","⚓","🪝","🛟","🚧","⛽","🚏","🚦","🚥","🛑","🗺️","🗿","🗽","🗼","🏰","🏯","🏟️","🎡","🎢","🎠","⛲","⛱️","🏖️","🏝️","🏜️","🌋","⛰️","🏔️","🛤️","🏕️","🏠","🏡","🏘️","🏗️","🏭","🏢","🏬","🏣","🏤","🏥","🏦","🏨","🏪","🏫","🏛️","⛪","🕌","🛕","🕍","🕋","⛩️","🛣️","🛤️"],
  "objects": ["⌚","📱","📲","💻","⌨️","🖥️","🖨️","🖱️","🖲️","🕹️","🗜️","💽","💾","💿","📀","📼","📷","📸","📹","🎥","📽️","🎞️","📞","☎️","📟","📠","📺","📻","🎙️","🎚️","🎛️","🧭","⏱️","⏲️","⏰","🕰️","⌛","⏳","📡","🔋","🔌","💡","🔦","🕯️","🪔","🧯","🛢️","🛠️","🗡️","⚔️","🔫","🪃","🏹","🛡️","🪓","🔧","🔨","⚒️","🪚","🔩","⚙️","🪤","🧱","⛓️","🧲","🔬","🔭","📡","🛰️","💉","🩸","💊","🩹","🩼","🩺","🩻","🚪","🪞","🪟","🛏️","🛋️","🪑","🚽","🚿","🛁","🪠","🧴","🧼","🪥","🧽","🧻","🪣","🧺","🧯","🛒","🚬","⚰️","⚱️","🧿","🪬","🗿","🪧","🏧","🚮","🚰","♿","🚹","🚺","🚻","🚼","🚾","🛗","🈶","🈚","🈸","🈺","🈷️","✴️","🔴","🟠","🟡","🟢","🔵","🟣","🟤","⚪","⚫","⬜","⬛","🔶","🔷","🔸","🔹","🔺","🔻","💠","🔘","🔳","🔲"],
  "symbols": ["❤️","🩷","🧡","💛","💚","🩵","💙","💜","🤎","🖤","🩶","🤍","💔","❣️","💕","💞","💓","💗","💖","💘","💝","💟","☮️","✝️","☪️","🕉️","☸️","✡️","🔯","🕎","☯️","☦️","🛐","⛎","♈","♉","♊","♋","♌","♍","♎","♏","♐","♑","♒","♓","🆔","⚛️","🉑","☢️","☣️","📴","📳","🈶","🈚","🈸","🈺","🈷️","✴️","🆚","🅰️","🅱️","🆎","🆑","🅾️","🆘","❌","⭕","🛑","⛔","📛","🚫","💯","💢","♨️","🚷","🚯","🚳","🚱","🔞","📵","🚭","❗","❕","❓","❔","‼️","⁉️","🔅","🔆","〽️","⚠️","🚸","🔱","✔️","☑️","✅","🛗","🪪","🔐","🔒","🔓","🔏","🔐"],
  "flags": ["🏁","🚩","🎌","🏴","🏳️","🏳️‍🌈","🏳️‍⚧️","🏴‍☠️","🇺🇳","🇦🇫","🇦🇽","🇦🇱","🇩🇿","🇦🇸","🇦🇩","🇦🇴","🇦🇮","🇦🇶","🇦🇬","🇦🇷","🇦🇲","🇦🇼","🇦🇺","🇦🇹","🇦🇿","🇧🇸","🇧🇭","🇧🇩","🇧🇧","🇧🇾","🇧🇪","🇧🇿","🇧🇯","🇧🇲","🇧🇹","🇧🇴","🇧🇦","🇧🇼","🇧🇷","🇮🇴","🇻🇬","🇧🇳","🇧🇬","🇧🇫","🇧🇮","🇰🇭","🇨🇲","🇨🇦","🇨🇻","🇰🇾","🇨🇫","🇹🇩","🇨🇱","🇨🇳","🇨🇽","🇨🇨","🇨🇴","🇰🇲","🇨🇬","🇨🇩","🇨🇷","🇨🇮","🇭🇷","🇨🇺","🇨🇼","🇨🇾","🇨🇿","🇩🇰","🇩🇯","🇩🇲","🇩🇴","🇪🇨","🇪🇬","🇸🇻","🇬🇶","🇪🇷","🇪🇪","🇪🇹","🇪🇺","🇫🇰","🇫🇴","🇫🇯","🇫🇮","🇫🇷","🇬🇫","🇵🇫","🇹🇫","🇬🇦","🇬🇲","🇬🇪","🇩🇪","🇬🇭","🇬🇮","🇬🇷","🇬🇱","🇬🇩","🇬🇺","🇬🇹","🇬🇬","🇬🇳","🇬🇼","🇬🇾","🇭🇹","🇭🇳","🇭🇰","🇭🇺","🇮🇸","🇮🇳","🇮🇩","🇮🇷","🇮🇶","🇮🇪","🇮🇲","🇮🇱","🇮🇹","🇯🇲","🇯🇵","🇯🇪","🇯🇴","🇰🇿","🇰🇪","🇰🇮","🇽🇰","🇰🇼","🇰🇬","🇱🇦","🇱🇻","🇱🇧","🇱🇸","🇱🇷","🇱🇾","🇱🇮","🇱🇹","🇱🇺","🇲🇴","🇲🇰","🇲🇬","🇲🇼","🇲🇾","🇲🇻","🇲🇱","🇲🇹","🇲🇭","🇲🇶","🇲🇷","🇲🇺","🇾🇹","🇲🇽","🇫🇲","🇲🇩","🇲🇨","🇲🇳","🇲🇪","🇲🇸","🇲🇦","🇲🇿","🇲🇲","🇳🇦","🇳🇷","🇳🇵","🇳🇱","🇳🇨","🇳🇿","🇳🇮","🇳🇪","🇳🇬","🇳🇺","🇳🇫","🇰🇵","🇲🇵","🇳🇴","🇴🇲","🇵🇰","🇵🇼","🇵🇸","🇵🇦","🇵🇬","🇵🇾","🇵🇪","🇵🇭","🇵🇳","🇵🇱","🇵🇹","🇵🇷","🇶🇦","🇷🇪","🇷🇴","🇷🇺","🇷🇼","🇼🇸","🇸🇲","🇸🇦","🇸🇳","🇷🇸","🇸🇨","🇸🇱","🇸🇬","🇸🇽","🇸🇰","🇸🇮","🇬🇸","🇸🇧","🇸🇴","🇿🇦","🇬🇸","🇰🇷","🇸🇸","🇪🇸","🇱🇰","🇧🇱","🇸🇭","🇰🇳","🇱🇨","🇵🇲","🇻🇨","🇸🇩","🇸🇷","🇸🇪","🇨🇭","🇸🇾","🇹🇼","🇹🇯","🇹🇿","🇹🇭","🇹🇱","🇹🇬","🇹🇰","🇹🇴","🇹🇹","🇹🇳","🇹🇷","🇹🇲","🇹🇨","🇹🇻","🇺🇬","🇺🇦","🇦🇪","🇬🇧","🇺🇸","🇻🇮","🇺🇾","🇺🇿","🇻🇺","🇻🇦","🇻🇪","🇻🇳","🇼🇫","🇪🇭","🇾🇪","🇿🇲","🇿🇼"],
  "people": ["👶","🧒","👦","👧","🧑","👱","👨","🧔","👩","👩‍🦰","👨‍🦰","👩‍🦱","👨‍🦱","👩‍🦳","👨‍🦳","👩‍🦲","👨‍🦲","👱‍♀️","👱‍♂️","🧔‍♀️","🧔‍♂️","👮","👮‍♀️","👮‍♂️","👷","👷‍♀️","👷‍♂️","💂","💂‍♀️","💂‍♂️","🕵️","🕵️‍♀️","🕵️‍♂️","👩‍⚕️","👨‍⚕️","👩‍🌾","👨‍🌾","👩‍🍳","👨‍🍳","👩‍🎓","👨‍🎓","👩‍🎤","👨‍🎤","👩‍🏫","👨‍🏫","👩‍🏭","👨‍🏭","👩‍💻","👨‍💻","👩‍💼","👨‍💼","👩‍🔧","👨‍🔧","👩‍🔬","👨‍🔬","👩‍🎨","👨‍🎨","👩‍🚒","👨‍🚒","👩‍✈️","👨‍✈️","👩‍🚀","👨‍🚀","👩‍⚖️","👨‍⚖️","👰","🤵","👸","🤴","🥷","🦸","🦸‍♀️","🦸‍♂️","🦹","🦹‍♀️","🦹‍♂️","🧙","🧙‍♀️","🧙‍♂️","🧚","🧚‍♀️","🧚‍♂️","🧛","🧛‍♀️","🧛‍♂️","🧜","🧜‍♀️","🧜‍♂️","🧝","🧝‍♀️","🧝‍♂️","🧞","🧞‍♀️","🧞‍♂️","🧟","🧟‍♀️","🧟‍♂️","💆","💆‍♀️","💆‍♂️","💇","💇‍♀️","💇‍♂️","🚶","🚶‍♀️","🚶‍♂️","🏃","🏃‍♀️","🏃‍♂️","💃","🕺","🕴️","👯","👯‍♀️","👯‍♂️","🧖","🧖‍♀️","🧖‍♂️","🧘","🧍","🧍‍♀️","🧍‍♂️","🧎","🧎‍♀️","🧎‍♂️"],
  "hands": ["👍","👎","👊","✊","🤛","🤜","👏","🙌","👐","🤲","🤝","🙏","✍️","💅","🤳","👈","👉","👆","👇","☝️","✋","🤚","🖐️","🖖","👌","🤌","🤏","✌️","🤞","🤟","🤘","🤙","👋","🤚","🫱","🫲","🫳","🫴","🫷","🫸","🫱‍🫲"],
  "clothing": ["👓","🕶️","🥽","🥼","🦺","👔","👕","👖","🧣","🧤","🧥","🧦","👗","👘","🥻","🩴","🥿","👠","👡","👢","👞","👟","🥾","🩰","🧢","🎓","👒","🎩","🎓","⛑️","🪖","👑","💍","🌂","☂️","👜","👝","👛","🛍️","🎒"],
  "nature": ["🌱","🌿","☘️","🍀","🎍","🪴","🎋","🍃","🍂","🍁","🌾","💐","🌷","🌹","🥀","🌺","🌸","🌼","🌻","🌞","🌝","🌛","🌜","🌚","🌕","🌖","🌗","🌘","🌑","🌒","🌓","🌔","🌙","⭐","🌟","✨","⚡","☄️","💥","🔥","🌪️","🌈","☀️","🌤️","⛅","🌥️","☁️","🌦️","🌧️","⛈️","🌩️","🌨️","❄️","☃️","⛄","🌬️","💨","💧","💦","☔","☂️","🌊"],
  "signs": ["🆗","🆒","🆕","🆙","🆓","🆖","ℹ️","🔁","🔂","🔄","🔃","🔼","🔽","⏫","⏬","➡️","⬅️","⬆️","⬇️","↗️","↘️","↙️","↖️","↕️","↔️","🔀","🔁","🔂","▶️","◀️","⏩","⏪","⏭️","⏮️","⏯️","🔼","🔽","⏫","⏬","#️⃣","*️⃣","0️⃣","1️⃣","2️⃣","3️⃣","4️⃣","5️⃣","6️⃣","7️⃣","8️⃣","9️⃣","🔟"]
}
